atleta_id,apelido,clube_id,clube_name,player_position,med_chutes_no_gol,med_desarmes_executado,med_faltas_sofridas,med_chutes_fora,med_gols,med_assistencias
100079,Zaracho,282,Atlético-MG,mei,0.07692307692307693,2.0,1.3076923076923077,0.38461538461538464,0.07692307692307693,0.0
100084,Igor Gomes,282,Atlético-MG,mei,0.07142857142857142,1.0714285714285714,0.7857142857142857,0.35714285714285715,0.0,0.07142857142857142
100085,Pedro Augusto,356,Fortaleza,mei,0.3333333333333333,1.0,1.0,0.0,0.0,0.0
100103,Pedrinho,327,América-MG,ata,0.3333333333333333,0.8333333333333334,0.8333333333333334,0.8333333333333334,0.0,0.0
100333,Paulinho Bóia,327,América-MG,ata,0.0,1.0,1.6666666666666667,0.0,0.0,0.0
100453,Luis Segovia,263,Botafogo,zag,0.0,0.0,0.5,0.0,0.0,0.0
100652,Yuri Alberto,264,Corinthians,ata,0.4444444444444444,0.6666666666666666,1.7777777777777777,0.5555555555555556,0.2222222222222222,0.1111111111111111
100761,Liziero,294,Coritiba,mei,0.0,1.8,0.6,0.0,0.0,0.0
100830,Brenno,284,Grêmio,gol,0.0,0.0,0.0,0.0,0.0,0.0
100848,Luan Cândido,280,Bragantino,lat,0.5,0.8333333333333334,0.3333333333333333,0.6666666666666666,0.16666666666666666,0.0
100969,Ronald Lopes,1371,Cuiabá,mei,0.07142857142857142,0.8571428571428571,0.5714285714285714,0.21428571428571427,0.07142857142857142,0.0
100987,Nonato,277,Santos,mei,0.0,0.0,1.0,0.0,0.0,0.0
101002,Júnior Santos,263,Botafogo,ata,0.35,0.9,0.65,0.65,0.1,0.0
101027,Diego,290,Goiás,mei,0.0,1.4444444444444444,2.7777777777777777,0.5555555555555556,0.0,0.1111111111111111
101201,Vitor Jacaré,265,Bahia,ata,0.45454545454545453,2.0,0.9090909090909091,1.0,0.09090909090909091,0.0
101254,Alef Manga,294,Coritiba,ata,0.6666666666666666,0.8888888888888888,1.2222222222222223,1.1111111111111112,0.3333333333333333,0.2222222222222222
101290,Ferreira,284,Grêmio,ata,0.2857142857142857,0.5714285714285714,0.7142857142857143,0.2857142857142857,0.14285714285714285,0.2857142857142857
101314,Ademir,265,Bahia,ata,0.3888888888888889,0.8888888888888888,3.2222222222222223,0.5555555555555556,0.05555555555555555,0.05555555555555555
101319,Guga,266,Fluminense,lat,0.0,1.3076923076923077,1.0769230769230769,0.07692307692307693,0.0,0.07692307692307693
101405,Wallisson,283,Cruzeiro,mei,0.2727272727272727,1.5454545454545454,0.8181818181818182,0.5454545454545454,0.0,0.0
101573,Pepê,284,Grêmio,mei,0.0,3.3333333333333335,2.3333333333333335,0.6666666666666666,0.0,0.0
101579,Robson Bambu,267,Vasco,zag,0.0,1.3846153846153846,1.0769230769230769,0.07692307692307693,0.0,0.0
101594,Hugo Moura,293,Athlético-PR,mei,0.058823529411764705,1.8823529411764706,0.7058823529411765,0.17647058823529413,0.0,0.058823529411764705
101600,Alex,277,Santos,zag,0.25,1.5,0.5,0.0,0.0,0.0
101684,Philippe Costa,290,Goiás,ata,0.25,0.0,0.25,0.25,0.0,0.0
101708,Felipe Jonatan,277,Santos,lat,0.0,2.0,0.0,0.0,0.0,0.0
101715,Alerrandro,280,Bragantino,ata,0.14285714285714285,0.0,0.7142857142857143,0.14285714285714285,0.14285714285714285,0.0
101720,Miranda,267,Vasco,zag,0.16666666666666666,1.1666666666666667,0.3333333333333333,0.3333333333333333,0.0,0.0
101725,Matheusinho,290,Goiás,mei,0.0,0.3333333333333333,0.5,0.16666666666666666,0.0,0.0
101728,Diego Costa,276,São Paulo,zag,0.18181818181818182,1.0,0.09090909090909091,0.09090909090909091,0.0,0.0
101960,Vitinho,280,Bragantino,ata,0.6666666666666666,0.8666666666666667,1.6666666666666667,1.2666666666666666,0.06666666666666667,0.13333333333333333
101995,Brítez,356,Fortaleza,zag,0.11764705882352941,1.2352941176470589,1.0,0.47058823529411764,0.0,0.058823529411764705
102096,Anderson Oliveira,290,Goiás,ata,0.0,1.4285714285714286,0.8571428571428571,0.42857142857142855,0.0,0.0
102130,Piquerez,275,Palmeiras,lat,0.07692307692307693,1.8461538461538463,1.0,0.3076923076923077,0.0,0.23076923076923078
102253,Lucas Halter,290,Goiás,zag,0.0,1.125,0.25,0.25,0.125,0.0
102290,Gabriel Mesquita,283,Cruzeiro,gol,0.0,0.0,0.0,0.0,0.0,0.0
102299,Mikael,327,América-MG,ata,0.4,0.2,0.4,1.0,0.0,0.0
102302,Rafael Elias,283,Cruzeiro,ata,1.3333333333333333,0.6666666666666666,0.6666666666666666,0.6666666666666666,0.3333333333333333,0.0
102310,Matheus Felipe,293,Athlético-PR,zag,0.2,0.4,0.0,0.2,0.0,0.0
102318,Caio Paulista,276,São Paulo,lat,0.625,0.6875,1.3125,0.4375,0.0,0.125
102340,Cacá,293,Athlético-PR,zag,0.0,2.5,0.0,0.5,0.0,0.0
102561,Mastriani,327,América-MG,ata,0.375,0.25,0.25,0.875,0.375,0.0
102598,Helinho,280,Bragantino,ata,0.8888888888888888,1.0,0.4444444444444444,0.6666666666666666,0.2222222222222222,0.0
102878,Terans,293,Athlético-PR,mei,0.2222222222222222,0.2222222222222222,1.1111111111111112,0.7777777777777778,0.0,0.0
102906,Anderson,283,Cruzeiro,gol,0.0,0.0,0.0,0.0,0.0,0.0
102909,Luan,276,São Paulo,mei,0.0,1.0,0.125,0.25,0.0,0.0
102911,Zé Ricardo,290,Goiás,mei,0.46153846153846156,2.6153846153846154,3.076923076923077,0.38461538461538464,0.0,0.07692307692307693
102928,Canobbio,293,Athlético-PR,ata,0.7333333333333333,1.6666666666666667,1.8,0.6,0.06666666666666667,0.13333333333333333
102975,Escobar,356,Fortaleza,lat,0.0,6.0,1.0,0.0,0.0,0.0
103014,Laquintana,280,Bragantino,ata,1.0,0.5,1.0,0.0,0.0,0.0
103076,Mateus Gonçalves,327,América-MG,ata,0.0,0.3333333333333333,0.6666666666666666,0.0,0.0,0.0
103295,Eric Ramires,280,Bragantino,mei,0.2857142857142857,0.9285714285714286,0.8571428571428571,0.2857142857142857,0.0,0.14285714285714285
103347,Matheus Alexandre,1371,Cuiabá,lat,0.058823529411764705,2.588235294117647,0.17647058823529413,0.17647058823529413,0.058823529411764705,0.0
103388,Emmanuel Martínez,327,América-MG,mei,0.16666666666666666,1.5,2.0,0.3888888888888889,0.0,0.16666666666666666
103575,Caetano,264,Corinthians,zag,0.0,1.1428571428571428,0.8571428571428571,0.14285714285714285,0.0,0.0
103576,Rafael Bilu,283,Cruzeiro,ata,0.0,1.0,0.75,0.75,0.0,0.0
103582,Lúcio Flávio,263,Botafogo,tec,0.0,0.0,0.0,0.0,0.0,0.0
103645,Marcos Paulo,276,São Paulo,ata,0.13333333333333333,1.0,0.8,0.26666666666666666,0.13333333333333333,0.06666666666666667
103684,Kaíque Rocha,293,Athlético-PR,zag,0.0,1.5,0.0,1.0,0.0,0.0
103695,Jadsom Silva,280,Bragantino,mei,0.2,1.4,0.5333333333333333,0.13333333333333333,0.0,0.0
103700,Bruno Méndez,264,Corinthians,zag,0.0,0.7142857142857143,0.21428571428571427,0.14285714285714285,0.0,0.0
103767,Gabriel Menino,275,Palmeiras,mei,0.2777777777777778,1.7777777777777777,1.0555555555555556,0.6111111111111112,0.1111111111111111,0.1111111111111111
103987,Higor Meritão,290,Goiás,mei,0.0,0.0,0.0,0.0,0.0,0.0
104085,Bruno Fuchs,282,Atlético-MG,zag,0.0,0.2857142857142857,0.7142857142857143,0.0,0.0,0.0
104153,Ruan,264,Corinthians,mei,0.2,1.7,0.9,0.5,0.2,0.2
104257,João Lucas,277,Santos,lat,0.1,2.3,1.8,0.4,0.0,0.1
104360,Lucas Rafael,280,Bragantino,zag,1.0,0.0,0.0,0.0,0.0,0.0
104383,Matheus Mendes,282,Atlético-MG,gol,0.0,0.0,0.0,0.0,0.0,0.0
104385,Igor Gomes,285,Internacional,zag,0.1,1.6,1.0,0.3,0.0,0.0
104401,Vitor Mendes,266,Fluminense,zag,0.5,0.0,0.0,0.0,0.0,0.0
104420,Reinaldo,293,Athlético-PR,ata,0.0,1.0,0.0,1.0,0.0,0.0
104502,Christian,293,Athlético-PR,mei,0.21428571428571427,1.2142857142857142,1.0714285714285714,0.5,0.2857142857142857,0.0
104521,Vinícius Zanocelo,356,Fortaleza,mei,0.16666666666666666,0.6666666666666666,0.0,0.0,0.0,0.0
104580,Sandry,277,Santos,mei,0.0,0.8,0.4,0.0,0.0,0.0
104593,Darlan,284,Grêmio,mei,0.0,1.0,0.0,0.0,0.0,0.0
104640,Matheus Bianqui,294,Coritiba,mei,0.15384615384615385,1.4615384615384615,1.0,0.23076923076923078,0.0,0.07692307692307693
104666,Moisés,356,Fortaleza,ata,1.5,0.3333333333333333,0.5,0.3333333333333333,0.5,0.0
104754,Juan Vojvoda,356,Fortaleza,tec,0.0,0.0,0.0,0.0,0.0,0.0
104783,Acevedo,265,Bahia,mei,0.1875,2.1875,1.125,0.5,0.0,0.0
104811,Sebastián Gómez,294,Coritiba,mei,0.0,2.0,1.0,0.0,0.0,0.3333333333333333
105049,Luis Henrique,263,Botafogo,ata,0.2222222222222222,0.5,0.16666666666666666,0.3888888888888889,0.16666666666666666,0.05555555555555555
105175,Khellven,293,Athlético-PR,lat,0.14285714285714285,1.0714285714285714,0.5714285714285714,0.21428571428571427,0.0,0.21428571428571427
105208,Bento,293,Athlético-PR,gol,0.0,0.0,0.1111111111111111,0.0,0.0,0.05555555555555555
105373,Gabriel Xavier,265,Bahia,zag,0.1111111111111111,1.4444444444444444,0.7777777777777778,0.1111111111111111,0.0,0.0
105531,Matheus Bidu,264,Corinthians,lat,0.3076923076923077,1.2307692307692308,1.4615384615384615,0.46153846153846156,0.0,0.0
105547,Rikelme,1371,Cuiabá,ata,0.3076923076923077,3.230769230769231,0.38461538461538464,0.38461538461538464,0.07692307692307693,0.07692307692307693
105568,Lucero,356,Fortaleza,ata,0.3333333333333333,0.3333333333333333,0.8666666666666667,0.4,0.13333333333333333,0.0
105584,Lucas Piton,267,Vasco,lat,0.1111111111111111,1.0555555555555556,0.16666666666666666,0.3888888888888889,0.0,0.1111111111111111
105585,Roni,264,Corinthians,mei,0.09090909090909091,1.2727272727272727,0.36363636363636365,0.09090909090909091,0.0,0.0
105631,Bruno Lage,263,Botafogo,tec,0.0,0.0,0.0,0.0,0.0,0.0
105647,Maurício,285,Internacional,mei,0.2,0.4,1.3,0.4,0.3,0.0
105672,Nicolás Hernández,285,Internacional,zag,0.0,0.7272727272727273,0.36363636363636365,0.09090909090909091,0.0,0.09090909090909091
105770,Rafael Navarro,275,Palmeiras,ata,0.3333333333333333,0.6666666666666666,0.6666666666666666,0.3333333333333333,0.3333333333333333,0.0
105811,Wesley,283,Cruzeiro,ata,0.6470588235294118,1.5294117647058822,2.0,0.8235294117647058,0.23529411764705882,0.058823529411764705
105842,Edu,290,Goiás,zag,0.2,1.0,0.8,0.2,0.0,0.0
105845,Matheus Araújo,264,Corinthians,mei,0.1111111111111111,0.6666666666666666,0.7777777777777778,0.0,0.1111111111111111,0.0
105899,Ivonei,277,Santos,mei,0.0,0.0,0.0,0.0,0.0,0.0
105902,Zé Gabriel,267,Vasco,mei,0.1111111111111111,1.1111111111111112,0.4444444444444444,0.3333333333333333,0.0,0.0
105909,Vinicius Mingotti,265,Bahia,ata,0.3333333333333333,0.3333333333333333,0.9166666666666666,0.08333333333333333,0.16666666666666666,0.0
105911,Rômulo,285,Internacional,mei,0.09090909090909091,1.7272727272727273,1.7272727272727273,0.36363636363636365,0.09090909090909091,0.0
105914,Cadu Silva,277,Santos,lat,0.0,0.0,0.0,0.0,0.0,0.0
105949,Rochet,285,Internacional,gol,0.0,0.0,0.4,0.0,0.0,0.0
106000,Lucas Ramos,285,Internacional,mei,0.0,0.0,0.0,0.0,0.0,0.0
106002,Johnny,285,Internacional,mei,0.25,1.9166666666666667,1.4166666666666667,0.08333333333333333,0.16666666666666666,0.08333333333333333
106160,Lucão,280,Bragantino,gol,0.0,0.0,0.0,0.0,0.0,0.0
106199,Gabriel Pec,267,Vasco,ata,0.4444444444444444,1.0555555555555556,1.8333333333333333,0.9444444444444444,0.16666666666666666,0.1111111111111111
106201,Figueiredo,267,Vasco,mei,0.5333333333333333,0.5333333333333333,1.0,0.7333333333333333,0.0,0.0
106202,Bruno Gomes,294,Coritiba,mei,0.3888888888888889,2.1666666666666665,1.7222222222222223,0.6666666666666666,0.1111111111111111,0.0
106299,Realpe,280,Bragantino,zag,0.0,0.6666666666666666,0.0,0.0,0.0,0.0
106323,Caio Alexandre,356,Fortaleza,mei,0.15789473684210525,1.736842105263158,1.0526315789473684,0.21052631578947367,0.10526315789473684,0.10526315789473684
106434,Eduardo Santos,280,Bragantino,zag,0.15384615384615385,0.46153846153846156,0.6153846153846154,0.15384615384615385,0.07692307692307693,0.07692307692307693
106704,Carlos Alberto,263,Botafogo,ata,0.16666666666666666,0.3333333333333333,0.3333333333333333,0.0,0.3333333333333333,0.0
106708,Igor Formiga,283,Cruzeiro,lat,0.0,0.75,0.0,0.0,0.0,0.25
106822,Rodrigo Nestor,276,São Paulo,mei,0.625,1.0,0.75,0.6875,0.0625,0.0625
106824,Welington,276,São Paulo,lat,0.0,0.5,1.25,0.75,0.0,0.0
106829,Patryck,276,São Paulo,lat,0.0,1.5,1.25,0.25,0.0,0.0
106830,Talles Costa,276,São Paulo,mei,0.0,2.0,2.0,0.0,0.0,0.0
106831,Juan,276,São Paulo,ata,0.15384615384615385,1.0,1.0,0.3076923076923077,0.07692307692307693,0.0
106835,Luan Patrick,280,Bragantino,zag,0.08333333333333333,0.6666666666666666,0.25,0.16666666666666666,0.0,0.08333333333333333
106950,Fernando,293,Athlético-PR,lat,0.0,1.6666666666666667,0.3333333333333333,0.16666666666666666,0.0,0.3333333333333333
107039,Ricardo Cerqueira,1371,Cuiabá,mei,0.0,0.0,1.0,0.0,0.0,0.0
107044,Alexandre Jesus,266,Fluminense,ata,0.0,1.0,0.0,1.0,0.0,0.0
107052,Stênio,283,Cruzeiro,ata,0.36363636363636365,0.45454545454545453,0.18181818181818182,0.2727272727272727,0.0,0.0
107110,Natan,280,Bragantino,zag,0.16666666666666666,0.6666666666666666,0.5,0.16666666666666666,0.0,0.0
107111,Richard Ríos,275,Palmeiras,mei,0.1,1.2,1.05,0.25,0.1,0.0
107173,Michel Araújo,276,São Paulo,mei,0.125,0.875,1.5625,0.3125,0.0625,0.0625
107174,Bruno Tabata,275,Palmeiras,mei,0.0,0.0,1.2,0.4,0.0,0.0
107183,Léo Linck,293,Athlético-PR,gol,0.0,0.0,0.0,0.0,0.0,0.0
107186,Vinicius Kauê,293,Athlético-PR,lat,0.0,1.0,0.0,0.0,0.0,0.0
107197,Rômulo,293,Athlético-PR,ata,0.0,0.2,0.4,0.2,0.0,0.0
107225,Gustavo Garcia,275,Palmeiras,lat,0.0,0.5,0.75,0.5,0.0,0.0
107236,Vanderlan,275,Palmeiras,lat,0.14285714285714285,2.4285714285714284,0.7142857142857143,0.2857142857142857,0.0,0.14285714285714285
107375,Dodô,290,Goiás,mei,0.0,0.375,0.25,0.0,0.125,0.0
107416,Luan Dias,277,Santos,mei,0.0,0.875,0.625,0.0,0.0,0.0
107498,André,266,Fluminense,mei,0.0625,2.375,2.0625,0.375,0.0,0.0
107554,Natanael,294,Coritiba,lat,0.375,2.9375,0.9375,0.1875,0.0,0.0
107645,Fabián Bustos,327,América-MG,tec,0.0,0.0,0.0,0.0,0.0,0.0
107676,Nathan,277,Santos,lat,0.0,2.2857142857142856,0.14285714285714285,0.0,0.0,0.0
107726,Chrystian Barletta,264,Corinthians,mei,0.3333333333333333,1.0,1.3333333333333333,0.3333333333333333,0.0,0.0
107744,Praxedes,267,Vasco,mei,0.0,2.0,1.6666666666666667,0.3333333333333333,0.0,0.0
107744,Praxedes,280,Bragantino,mei,0.0,0.0,0.0,0.0,0.0,0.0
107748,Adriel,284,Grêmio,gol,0.0,0.0,0.5,0.0,0.0,0.0
107796,Diego Rosa,265,Bahia,mei,0.2857142857142857,0.5714285714285714,0.14285714285714285,0.14285714285714285,0.0,0.0
107800,Fernando Henrique,283,Cruzeiro,mei,0.0,1.0,0.0,0.0,0.0,0.0
107801,Natã,284,Grêmio,zag,0.0,0.0,1.0,0.0,0.0,0.0
107803,Wesley,294,Coritiba,ata,0.0,0.0,0.0,0.0,0.0,0.0
107809,Matheus Dias,285,Internacional,mei,0.0,0.8,0.2,0.0,0.0,0.0
107908,Hugo,290,Goiás,lat,0.3333333333333333,1.5,0.3333333333333333,0.3333333333333333,0.0,0.0
107950,Fausto Vera,264,Corinthians,mei,0.15384615384615385,1.3846153846153846,0.6153846153846154,0.38461538461538464,0.0,0.15384615384615385
108131,Garcez,294,Coritiba,ata,0.0,0.5,2.0,0.5,0.0,0.0
108133,Isidro Pitta,1371,Cuiabá,ata,0.06666666666666667,0.0,0.7333333333333333,0.26666666666666666,0.06666666666666667,0.0
108163,Javier Méndez,327,América-MG,mei,0.0,2.0,0.0,0.5,0.0,0.0
108201,Gustavinho,284,Grêmio,mei,0.0,0.0,2.0,0.5,0.0,0.0
108352,Gabriel Barros,285,Internacional,ata,0.0,0.0,0.0,0.0,0.0,0.0
108422,Erison,276,São Paulo,ata,0.0,0.0,0.6666666666666666,0.0,0.0,0.3333333333333333
108528,Galarza,267,Vasco,mei,0.1,0.8,0.4,0.3,0.1,0.0
108624,Arriagada,293,Athlético-PR,ata,0.3333333333333333,0.3333333333333333,1.0,0.6666666666666666,0.0,0.0
108715,João Magno,290,Goiás,ata,0.2857142857142857,0.42857142857142855,0.7142857142857143,0.42857142857142855,0.2857142857142857,0.0
108946,Victor Sá,263,Botafogo,ata,0.625,1.4375,1.1875,0.6875,0.125,0.125
109114,Matheus Nascimento,263,Botafogo,ata,0.25,0.5,0.75,0.0,0.25,0.0
109389,Raul Gustavo,265,Bahia,zag,0.0,1.0,1.0,1.0,0.0,0.0
109404,Thiago Andrade,293,Athlético-PR,ata,0.125,0.25,0.375,0.375,0.0,0.0
109412,Ian Luccas,283,Cruzeiro,mei,0.0,1.0,0.0,0.0,0.0,0.0
109461,Calebe,356,Fortaleza,mei,0.47058823529411764,0.5882352941176471,2.1176470588235294,0.47058823529411764,0.0,0.058823529411764705
109497,Marcos Leonardo,277,Santos,ata,0.5714285714285714,0.14285714285714285,2.4285714285714284,1.2857142857142858,0.5714285714285714,0.14285714285714285
109563,Joaquim,277,Santos,zag,0.25,1.4375,0.4375,0.3125,0.0,0.0
109573,Martinelli,266,Fluminense,mei,0.07692307692307693,0.9230769230769231,1.0769230769230769,0.23076923076923078,0.07692307692307693,0.0
109591,Andrey Santos,267,Vasco,mei,0.16666666666666666,2.3333333333333335,0.6666666666666666,0.3333333333333333,0.16666666666666666,0.0
109639,Gabriel Novaes,290,Goiás,ata,0.3333333333333333,0.0,0.3333333333333333,0.0,0.0,0.0
109668,Hugo,263,Botafogo,lat,0.0,2.7777777777777777,0.7777777777777778,0.2222222222222222,0.0,0.0
110021,Jhoanner Chávez,265,Bahia,lat,0.1111111111111111,1.5555555555555556,0.4444444444444444,0.3333333333333333,0.0,0.1111111111111111
110055,Matías Segovia,263,Botafogo,mei,0.15384615384615385,1.2307692307692308,0.7692307692307693,0.0,0.0,0.07692307692307693
110055,Segovinha,263,Botafogo,mei,0.0,2.0,1.0,1.0,0.0,0.0
110415,Ângelo,277,Santos,ata,0.08333333333333333,0.75,0.75,0.25,0.16666666666666666,0.0
110506,Abel Ferreira,275,Palmeiras,tec,0.0,0.0,0.0,0.0,0.0,0.0
110512,Lucas Besozzi,284,Grêmio,ata,0.0,1.0,0.5,0.0,0.0,0.0
110605,Vinícius Balieiro,277,Santos,mei,0.0,0.0,0.0,0.0,0.0,0.0
110607,Gabriel Pirani,266,Fluminense,mei,0.3333333333333333,0.5555555555555556,1.0,0.3333333333333333,0.1111111111111111,0.0
110667,Machuca,356,Fortaleza,ata,0.25,1.25,0.5,0.0,0.25,0.0
110668,Esquivel,293,Athlético-PR,lat,0.0,1.4,1.0,0.2,0.0,0.0
110708,Pedro Rangel,266,Fluminense,gol,0.0,0.0,0.0,0.0,0.0,0.0
110715,Andrés Hurtado,280,Bragantino,lat,0.0,1.2857142857142858,0.21428571428571427,0.21428571428571427,0.0,0.0
110727,Rubens,282,Atlético-MG,lat,0.25,3.5833333333333335,0.6666666666666666,0.25,0.0,0.0
110759,John Kennedy,266,Fluminense,ata,0.4,0.4666666666666667,0.5333333333333333,0.4,0.26666666666666666,0.0
110760,Biel,265,Bahia,ata,0.625,0.875,2.5,1.0,0.25,0.0
110776,Orellano,267,Vasco,mei,0.26666666666666666,0.8,1.3333333333333333,0.5333333333333333,0.0,0.06666666666666667
110818,Renato Paiva,265,Bahia,tec,0.0,0.0,0.0,0.0,0.0,0.0
110909,Guilherme Lopes,280,Bragantino,lat,0.14285714285714285,0.5714285714285714,0.0,0.2857142857142857,0.0,0.0
110928,Lucão,290,Goiás,ata,0.0,0.5,0.0,0.0,0.0,0.0
110962,Kayque,263,Botafogo,mei,0.0,0.0,0.0,0.5,0.0,0.5
111017,Leo Fernández,266,Fluminense,mei,0.5,0.6666666666666666,0.3333333333333333,0.16666666666666666,0.0,0.0
111309,Gustavo Martins,284,Grêmio,zag,0.18181818181818182,1.1818181818181819,0.36363636363636365,0.09090909090909091,0.09090909090909091,0.0
111333,Sorriso,280,Bragantino,ata,0.7333333333333333,0.6,1.2666666666666666,0.4,0.13333333333333333,0.0
111408,Felipe Augusto,264,Corinthians,ata,0.0,0.5,0.3333333333333333,0.16666666666666666,0.0,0.0
111428,Camilo Cándido,265,Bahia,lat,0.0,0.75,0.0,0.25,0.0,0.25
111547,Luiz Fernando Iubel,1371,Cuiabá,tec,0.0,0.0,0.0,0.0,0.0,0.0
111577,Lucas Gonçalves,282,Atlético-MG,tec,0.0,0.0,0.0,0.0,0.0,0.0
111578,António Oliveira,1371,Cuiabá,tec,0.0,0.0,0.0,0.0,0.0,0.0
111644,Gustavo Vilar,294,Coritiba,zag,0.0,0.0,0.0,0.0,0.0,0.0
111652,Rodrigo Varanda,327,América-MG,ata,0.8571428571428571,0.5714285714285714,0.5714285714285714,0.2857142857142857,0.0,0.14285714285714285
111682,Adson,264,Corinthians,mei,0.2,2.2,1.3333333333333333,0.4666666666666667,0.0,0.06666666666666667
111690,Matheus Cunha,262,Flamengo,gol,0.0,0.0,0.1875,0.0,0.0,0.0
111759,Giovani,275,Palmeiras,ata,0.0,0.5,0.5,0.5,0.0,0.0
111760,Fabinho,275,Palmeiras,mei,0.0,0.8,0.8,0.1,0.0,0.0
111763,JP Galvão,263,Botafogo,mei,0.0,0.0,0.0,0.0,0.0,0.0
111766,Rodrigo,267,Vasco,mei,0.0,0.875,0.25,0.0,0.0,0.0
111769,Marlon Gomes,267,Vasco,mei,0.0,1.75,1.25,0.08333333333333333,0.0,0.0
111771,Arthur Sales,265,Bahia,ata,0.2222222222222222,0.4444444444444444,0.8888888888888888,0.2222222222222222,0.1111111111111111,0.0
111819,Thomas Luciano,284,Grêmio,lat,0.0,1.1666666666666667,1.0,0.5,0.0,0.0
111829,Kayky,265,Bahia,ata,0.1,0.9,0.3,0.7,0.2,0.1
111839,Felipe Andrade,266,Fluminense,zag,0.0,0.0,0.0,0.25,0.0,0.0
111841,Arthur,266,Fluminense,mei,0.0,1.0,0.0,0.0,0.0,0.0
111879,Mateusinho,1371,Cuiabá,lat,0.2,2.6,2.0,0.2,0.2,0.0
111891,Guilherme Biro,264,Corinthians,mei,0.2222222222222222,1.1111111111111112,1.7777777777777777,0.7777777777777778,0.0,0.0
111949,Quagliata,1371,Cuiabá,ata,0.0,0.4444444444444444,0.3333333333333333,0.2222222222222222,0.0,0.0
111996,Julián Palacios,290,Goiás,mei,0.38461538461538464,0.6923076923076923,2.5384615384615383,0.5384615384615384,0.0,0.07692307692307693
112136,Lucas Beraldo,276,São Paulo,zag,0.16666666666666666,1.5,0.75,0.25,0.08333333333333333,0.0
112140,Bitello,284,Grêmio,mei,0.3333333333333333,1.5555555555555556,3.0,0.6666666666666666,0.2222222222222222,0.0
112141,Paulo Victor,267,Vasco,lat,0.0,0.0,0.0,0.0,0.0,0.0
112370,Emerson Ramon,1371,Cuiabá,ata,0.3333333333333333,0.5555555555555556,1.4444444444444444,0.7777777777777778,0.0,0.0
112616,Gabriel Grando,284,Grêmio,gol,0.0,0.0,0.25,0.0,0.0,0.0
112709,Kaiki,283,Cruzeiro,lat,0.0,1.0,1.0,0.0,0.0,0.0
112886,Lucas Barbosa,277,Santos,mei,0.25,2.5,0.25,0.0,0.0,0.0
112886,Lucas Barbosa,294,Coritiba,mei,0.5,0.0,0.5,0.5,0.0,0.0
112913,Capasso,267,Vasco,zag,0.0,0.875,0.0,0.125,0.0,0.0
113103,Flaco López,275,Palmeiras,ata,0.36363636363636365,0.6363636363636364,0.36363636363636365,0.2727272727272727,0.18181818181818182,0.0
113157,Nathan Mendes,276,São Paulo,lat,0.16666666666666666,1.1666666666666667,1.0,0.16666666666666666,0.16666666666666666,0.0
113295,Júlio,327,América-MG,zag,0.0,0.0,0.0,0.0,0.0,0.5
113359,Pablo Maia,276,São Paulo,mei,0.375,1.5625,0.625,0.5,0.125,0.0
113384,Diogo Batista,294,Coritiba,lat,0.25,0.5,0.375,0.25,0.0,0.125
113558,Bruninho,280,Bragantino,mei,0.4166666666666667,0.5833333333333334,0.4166666666666667,0.16666666666666666,0.16666666666666666,0.08333333333333333
113687,Du Queiroz,264,Corinthians,mei,0.0,0.6666666666666666,0.3333333333333333,0.0,0.0,0.0
114174,André Luiz,262,Flamengo,ata,0.0,0.5,0.0,0.0,0.0,0.0
114374,Lucas Pires,277,Santos,lat,0.3333333333333333,1.7777777777777777,1.0,0.1111111111111111,0.0,0.0
114802,Vitor Roque,293,Athlético-PR,ata,0.5555555555555556,1.0,1.9444444444444444,0.6666666666666666,0.5,0.16666666666666666
115025,Miguelito,277,Santos,mei,0.0,0.5,0.5,0.5,0.0,0.0
115061,Thauan Lara,285,Internacional,lat,0.125,0.625,1.5,0.25,0.0,0.0
115100,Matheus França,262,Flamengo,mei,0.0,1.0,0.5,1.25,0.125,0.0
115239,Wesley,262,Flamengo,lat,0.15,1.8,1.45,0.1,0.05,0.05
115246,Naves,275,Palmeiras,zag,0.0,1.0,0.5,0.0,0.0,0.0
115248,Jhon Jhon,275,Palmeiras,mei,0.21428571428571427,1.2142857142857142,0.6428571428571429,0.14285714285714285,0.0,0.0
115404,Rwan,267,Vasco,ata,0.0,0.5,1.5,0.5,0.0,0.0
115502,Ceballos,356,Fortaleza,zag,0.3333333333333333,0.6666666666666666,0.3333333333333333,0.3333333333333333,0.0,0.0
115562,Arthur,327,América-MG,lat,0.0,2.0,2.0,0.0,0.0,0.0
115563,Rodriguinho,327,América-MG,mei,0.0,1.0,0.75,0.25,0.0,0.0
115671,Mila,284,Grêmio,mei,0.0,0.625,0.375,0.375,0.0,0.0
115733,Zé Vitor,267,Vasco,zag,0.0,0.0,0.0,0.0,0.0,0.0
115915,Lelê,266,Fluminense,ata,0.6470588235294118,0.47058823529411764,0.29411764705882354,0.8823529411764706,0.11764705882352941,0.11764705882352941
115959,Endrick,275,Palmeiras,ata,0.13333333333333333,0.26666666666666666,0.8666666666666667,0.26666666666666666,0.26666666666666666,0.0
115986,Denilson,1371,Cuiabá,mei,0.4,1.4,1.0666666666666667,0.3333333333333333,0.06666666666666667,0.06666666666666667
115997,Mateus Henrique,327,América-MG,mei,0.0,1.0,1.5,0.0,0.0,0.0
115998,Adyson,327,América-MG,ata,0.0,1.5,0.0,0.0,0.0,0.0
116012,Matheus Gonçalves,262,Flamengo,mei,0.0,0.0,1.0,0.5,0.0,0.0
116012,Matheus Gonçalves,280,Bragantino,mei,0.0,0.0,1.5,0.5,0.0,0.0
116013,Igor Jesus,262,Flamengo,mei,0.0,0.5,1.5,0.5,0.0,0.0
116034,Victor Hugo,262,Flamengo,mei,0.05263157894736842,1.0,0.7894736842105263,0.2631578947368421,0.05263157894736842,0.10526315789473684
116048,Raí,263,Botafogo,mei,0.0,0.0,0.0,0.0,0.0,0.0
116065,Cuiabano,284,Grêmio,lat,0.375,1.125,1.0,0.375,0.125,0.0
116432,Daniel Junior,283,Cruzeiro,mei,0.0,0.0,1.25,0.25,0.0,0.0
116447,Hércules,356,Fortaleza,mei,0.3076923076923077,1.5384615384615385,0.5384615384615384,0.5384615384615384,0.07692307692307693,0.0
116450,André,265,Bahia,lat,0.0,0.6666666666666666,0.3333333333333333,0.0,0.0,0.0
116461,Jamerson,294,Coritiba,lat,0.2222222222222222,1.8888888888888888,0.3888888888888889,0.3333333333333333,0.0,0.0
116672,Daniel Ruiz,277,Santos,mei,0.0,0.6666666666666666,0.5555555555555556,0.2222222222222222,0.0,0.0
117314,Thiago Borbas,280,Bragantino,ata,0.6470588235294118,0.4117647058823529,0.5882352941176471,0.6470588235294118,0.29411764705882354,0.058823529411764705
117336,Cipriano,280,Bragantino,zag,0.0,3.0,0.0,0.0,0.0,0.0
117403,Renato Marques,327,América-MG,ata,0.0,0.2857142857142857,0.14285714285714285,0.14285714285714285,0.14285714285714285,0.14285714285714285
117459,Léo Maná,264,Corinthians,lat,0.0,1.0,0.0,0.0,0.0,0.0
117711,Pedro Caixinha,280,Bragantino,tec,0.0,0.0,0.0,0.0,0.0,0.0
117849,Giovane,264,Corinthians,ata,0.0,0.5,0.0,1.0,0.0,0.0
117870,Estevão,285,Internacional,mei,0.0,0.0,1.0,0.0,0.0,0.0
117909,Wesley,264,Corinthians,ata,0.3333333333333333,1.0,1.0,0.2222222222222222,0.1111111111111111,0.0
118175,Nathan Camargo,280,Bragantino,mei,0.0,0.0,1.0,0.0,0.0,0.0
118238,Ronald,284,Grêmio,mei,0.0,0.5,0.75,0.25,0.25,0.0
118304,Pedrinho,290,Goiás,ata,0.0,0.0,0.0,0.0,0.0,0.0
118563,Rodriguinho,276,São Paulo,mei,0.0,0.6,0.1,0.1,0.0,0.0
118676,Weslley Patati,277,Santos,ata,0.3333333333333333,1.3333333333333333,0.6666666666666666,0.0,0.0,0.0
118701,Kevyson,277,Santos,lat,0.0,1.25,0.0,0.0,0.0,0.0
118708,Eguinaldo,267,Vasco,ata,0.0,0.25,0.5,0.25,0.0,0.0
118747,Ed Carlos,277,Santos,mei,0.0,0.25,0.0,0.25,0.0,0.0
118752,Mateus Carvalho,267,Vasco,mei,0.2,1.6,1.2,0.2,0.0,0.0
118770,Patrick Verhon,265,Bahia,mei,0.0,0.0,0.0,0.0,0.0,0.0
118774,Alexsander,266,Fluminense,lat,0.0,1.2,0.4,0.4,0.0,0.2
118844,Kaio César,294,Coritiba,ata,0.17647058823529413,0.8235294117647058,2.176470588235294,0.23529411764705882,0.0,0.0
121184,Erick Marcus,267,Vasco,ata,0.1,0.9,0.8,0.1,0.1,0.0
121237,Kauan,356,Fortaleza,mei,0.0,0.0,1.0,0.0,0.0,0.0
121593,Ivo Vieira,1371,Cuiabá,tec,0.0,0.0,0.0,0.0,0.0,0.0
121779,Vitão,1371,Cuiabá,zag,0.0,0.0,0.0,0.0,0.0,0.0
121792,André,284,Grêmio,ata,0.0,0.5,0.5,0.16666666666666666,0.16666666666666666,0.0
121796,Jean Pedroso,294,Coritiba,zag,0.0,1.75,0.5,0.25,0.0,0.0
121821,Murillo,264,Corinthians,zag,0.07692307692307693,1.5384615384615385,0.3076923076923077,0.23076923076923078,0.0,0.0
121830,Janderson,263,Botafogo,ata,0.2222222222222222,0.3333333333333333,0.3333333333333333,0.1111111111111111,0.0,0.1111111111111111
121985,Giovanni Manson,266,Fluminense,mei,0.0,0.0,1.0,0.0,0.0,0.0
122293,Thiago Dombroski,294,Coritiba,zag,0.0,0.75,0.25,0.0,0.0,0.0
122300,Ryan,265,Bahia,lat,0.1,1.2,0.3,0.0,0.0,0.2
122393,Talisson,280,Bragantino,ata,1.0,2.0,1.0,0.0,0.0,0.0
122394,Gustavinho,280,Bragantino,mei,0.15384615384615385,0.6923076923076923,0.3076923076923077,0.23076923076923078,0.07692307692307693,0.0
122420,Lucca,285,Internacional,ata,0.16666666666666666,0.25,0.3333333333333333,0.16666666666666666,0.0,0.0
122439,Isaac,266,Fluminense,mei,0.0,0.3333333333333333,1.0,0.0,0.0,0.0
122485,Barros,267,Vasco,mei,0.0,0.5,0.3333333333333333,0.3333333333333333,0.16666666666666666,0.0
122486,Rayan,267,Vasco,ata,0.3333333333333333,0.5,0.5,0.6666666666666666,0.16666666666666666,0.0
122602,Matheus Belém,276,São Paulo,zag,0.0,1.0,0.0,0.0,0.0,0.0
122668,Bruno Santos,290,Goiás,lat,0.0,0.5,0.8333333333333334,0.0,0.0,0.0
122991,Breno,327,América-MG,mei,0.2727272727272727,1.1818181818181819,0.45454545454545453,0.5454545454545454,0.09090909090909091,0.0
123022,Pedro,264,Corinthians,ata,0.6,0.0,1.2,0.0,0.0,0.0
123153,Zinho,284,Grêmio,ata,0.14285714285714285,0.5714285714285714,0.42857142857142855,0.14285714285714285,0.0,0.14285714285714285
123359,Cadu,282,Atlético-MG,ata,0.0,1.0,0.0,0.0,0.0,0.0
123360,Cauly,265,Bahia,mei,0.5789473684210527,0.631578947368421,1.1578947368421053,0.7894736842105263,0.10526315789473684,0.21052631578947367
123713,Luis Guilherme,275,Palmeiras,mei,0.08333333333333333,0.25,1.4166666666666667,0.25,0.0,0.08333333333333333
123907,Pepa,283,Cruzeiro,tec,0.0,0.0,0.0,0.0,0.0,0.0
124239,Henry Mosquera,280,Bragantino,ata,0.2,0.8,0.6,0.6,0.2,0.1
124247,Isaac,282,Atlético-MG,ata,0.0,0.0,0.0,0.0,0.0,0.0
124251,Deivid Washington,277,Santos,ata,0.5555555555555556,0.1111111111111111,0.7777777777777778,0.7777777777777778,0.2222222222222222,0.0
124340,Allyson,1371,Cuiabá,zag,0.0,0.8,0.8,0.2,0.0,0.0
124645,Danilo,264,Corinthians,tec,0.0,0.0,0.0,0.0,0.0,0.0
124674,Felipe Negrucci,276,São Paulo,mei,0.0,0.0,0.0,0.0,0.0,0.0
124690,Paulo Vitor,282,Atlético-MG,mei,0.0,1.0,1.0,0.0,0.0,0.0
124757,Nathan Fernandes,284,Grêmio,ata,0.3333333333333333,0.0,0.0,0.0,0.0,0.0
124830,Lian,284,Grêmio,ata,0.0,0.0,0.0,0.0,0.0,0.0
124834,Ruan Assis,294,Coritiba,mei,0.25,0.0,0.0,0.0,0.0,0.25
125050,Robert,283,Cruzeiro,ata,0.6666666666666666,0.3333333333333333,0.3333333333333333,0.6666666666666666,0.0,0.0
125081,Armando Evangelista,290,Goiás,tec,0.0,0.0,0.0,0.0,0.0,0.0
125468,William Batista,267,Vasco,tec,0.0,0.0,0.0,0.0,0.0,0.0
125469,Alisson,282,Atlético-MG,ata,0.0,0.0,0.3333333333333333,0.0,0.0,0.0
125470,Thiago Kosloski,294,Coritiba,tec,0.0,0.0,0.0,0.0,0.0,0.0
125471,Serginho,267,Vasco,ata,0.0,0.3333333333333333,1.6666666666666667,0.0,0.3333333333333333,0.0
125487,Gabriel Moscardo,264,Corinthians,mei,0.0,3.5,0.25,0.25,0.0,0.0
125926,Zapelli,293,Athlético-PR,mei,0.0,0.3333333333333333,1.3333333333333333,0.0,0.0,0.0
125992,Diogo Oliveira,294,Coritiba,ata,0.6,1.0,0.6,0.6,0.2,0.2
126010,Yani Quintero,280,Bragantino,mei,0.0,2.0,1.0,0.0,0.0,0.0
126116,Freddy,284,Grêmio,ata,0.0,0.0,1.0,0.0,0.0,0.0
126182,Paulinho,267,Vasco,mei,0.0,2.0,3.5,0.5,0.0,0.0
126216,Derik Lacerda,1371,Cuiabá,ata,0.0,0.3333333333333333,1.0,0.3333333333333333,0.0,0.0
37281,Mano Menezes,285,Internacional,tec,0.0,0.0,0.0,0.0,0.0,0.0
37656,Fábio,266,Fluminense,gol,0.0,0.0,0.1,0.0,0.0,0.0
37865,Bruno Mezenga,277,Santos,ata,0.1111111111111111,0.2222222222222222,0.3333333333333333,0.3333333333333333,0.0,0.0
38144,Rafinha,276,São Paulo,lat,0.06666666666666667,1.6,0.9333333333333333,0.06666666666666667,0.0,0.06666666666666667
38229,Fábio Santos,264,Corinthians,lat,0.0,0.75,1.3333333333333333,0.08333333333333333,0.08333333333333333,0.08333333333333333
38279,Wellington Paulista,327,América-MG,ata,0.2857142857142857,0.0,0.14285714285714285,0.8571428571428571,0.14285714285714285,0.0
38394,Thiago Heleno,293,Athlético-PR,zag,0.0,1.0,0.6,0.2,0.0,0.0
38398,Renato Augusto,264,Corinthians,mei,0.375,0.625,1.0,0.25,0.125,0.125
38402,Marcelo,266,Fluminense,lat,0.4,1.6,2.0,0.6,0.0,0.1
38545,Felipe Melo,266,Fluminense,mei,0.0,0.5384615384615384,0.38461538461538464,0.07692307692307693,0.07692307692307693,0.0
38750,Filipe Luís,262,Flamengo,lat,0.0,1.0,1.0,0.16666666666666666,0.0,0.0
38877,Mariano,282,Atlético-MG,lat,0.07692307692307693,1.4615384615384615,0.15384615384615385,0.0,0.0,0.0
39148,Hulk,282,Atlético-MG,ata,1.3333333333333333,0.4444444444444444,3.388888888888889,1.6111111111111112,0.3888888888888889,0.16666666666666666
39656,Alan Franco,282,Atlético-MG,mei,0.0,1.25,0.0,0.0,0.0,0.0
39850,Vagner Mancini,327,América-MG,tec,0.0,0.0,0.0,0.0,0.0,0.0
40990,Dorival Júnior,276,São Paulo,tec,0.0,0.0,0.0,0.0,0.0,0.0
41327,Vanderlei Luxemburgo,264,Corinthians,tec,0.0,0.0,0.0,0.0,0.0,0.0
41929,Renato Gaúcho,284,Grêmio,tec,0.0,0.0,0.0,0.0,0.0,0.0
42116,Willian,293,Athlético-PR,ata,0.0,0.0,0.0,0.2857142857142857,0.2857142857142857,0.0
42234,Cássio,264,Corinthians,gol,0.0,0.0,0.21052631578947367,0.0,0.0,0.0
42411,Cuca,264,Corinthians,tec,0.0,0.0,0.0,0.0,0.0,0.0
42500,Fagner,264,Corinthians,lat,0.0625,1.375,1.5,0.1875,0.0,0.0625
43618,Luiz Felipe Scolari,282,Atlético-MG,tec,0.0,0.0,0.0,0.0,0.0,0.0
44683,Leomir,294,Coritiba,tec,0.0,0.0,0.0,0.0,0.0,0.0
49675,Alexandre Pato,276,São Paulo,ata,0.0,0.16666666666666666,0.5,0.3333333333333333,0.16666666666666666,0.0
50317,David Braz,266,Fluminense,zag,0.0,0.3,0.3,0.2,0.0,0.0
50347,Alan Kardec,282,Atlético-MG,ata,0.0,0.0,0.16666666666666666,0.5,0.16666666666666666,0.0
50353,Titi,356,Fortaleza,zag,0.058823529411764705,1.6470588235294117,1.0588235294117647,0.11764705882352941,0.0,0.058823529411764705
50456,Emerson Ávila,290,Goiás,tec,0.0,0.0,0.0,0.0,0.0,0.0
50856,Henrique,294,Coritiba,zag,0.14285714285714285,0.6428571428571429,0.14285714285714285,0.0,0.0,0.0
51042,Apodi,290,Goiás,lat,0.5555555555555556,0.3333333333333333,0.2222222222222222,0.1111111111111111,0.1111111111111111,0.0
51413,Walter,1371,Cuiabá,gol,0.0,0.0,0.10526315789473684,0.0,0.0,0.0
51548,Giuliano,264,Corinthians,mei,0.07692307692307693,0.6923076923076923,0.46153846153846156,0.15384615384615385,0.0,0.0
51772,Everton Ribeiro,262,Flamengo,mei,0.2,0.9333333333333333,1.0666666666666667,0.3333333333333333,0.13333333333333333,0.13333333333333333
52253,Réver,282,Atlético-MG,zag,0.0,0.0,0.0,0.0,0.0,0.0
52827,David Luiz,262,Flamengo,zag,0.16666666666666666,1.0,0.25,0.16666666666666666,0.08333333333333333,0.08333333333333333
60793,Alex Teixeira,267,Vasco,mei,0.35714285714285715,0.42857142857142855,1.3571428571428572,0.7142857142857143,0.0,0.21428571428571427
60825,Felipe Azevedo,327,América-MG,ata,0.26666666666666666,0.6666666666666666,1.0,0.3333333333333333,0.2,0.0
60852,Uendel,1371,Cuiabá,lat,0.0,0.0,0.0,0.0,0.0,0.0
61106,Cicinho,265,Bahia,lat,0.2222222222222222,1.4444444444444444,1.0,0.1111111111111111,0.0,0.0
61188,Gilberto,283,Cruzeiro,ata,0.2777777777777778,0.3333333333333333,0.6111111111111112,1.0555555555555556,0.16666666666666666,0.05555555555555555
62969,Alan,266,Fluminense,ata,0.0,0.0,0.0,0.0,1.0,0.0
62977,Ganso,266,Fluminense,mei,0.11764705882352941,0.8235294117647058,1.588235294117647,0.17647058823529413,0.17647058823529413,0.17647058823529413
63013,Marcos Rocha,275,Palmeiras,lat,0.0,1.4285714285714286,1.0,0.0,0.0,0.0
63024,Fransérgio,294,Coritiba,mei,0.14285714285714285,0.7142857142857143,0.5714285714285714,0.5714285714285714,0.0,0.0
63058,Willian Farias,294,Coritiba,mei,0.0,2.0,1.3333333333333333,0.0,0.0,0.0
63289,Edenílson,282,Atlético-MG,mei,0.058823529411764705,1.0588235294117647,0.5882352941176471,0.058823529411764705,0.0,0.11764705882352941
63354,Rodrigo Moledo,285,Internacional,zag,0.14285714285714285,0.5714285714285714,0.42857142857142855,0.0,0.0,0.0
68685,Alan Patrick,285,Internacional,mei,0.23529411764705882,0.35294117647058826,1.588235294117647,0.47058823529411764,0.0,0.11764705882352941
68708,Eduardo,263,Botafogo,mei,0.35294117647058826,0.5294117647058824,1.8235294117647058,0.23529411764705882,0.23529411764705882,0.23529411764705882
68727,Dodô,277,Santos,lat,0.0,1.6666666666666667,0.6666666666666666,0.0,0.0,0.0
68727,Dodô,282,Atlético-MG,lat,0.0,1.0,2.0,0.0,0.0,0.0
68770,Camacho,277,Santos,mei,0.0,1.5,0.25,0.0,0.0,0.0
68773,Henrique Almeida,327,América-MG,ata,0.3333333333333333,0.0,0.3333333333333333,0.3333333333333333,0.0,0.0
68872,Marcelo Lomba,275,Palmeiras,gol,0.0,0.0,0.0,0.0,0.0,0.0
68895,Wellington Silva,1371,Cuiabá,ata,0.11764705882352941,1.0,1.411764705882353,0.23529411764705882,0.0,0.058823529411764705
68917,Vinicius,290,Goiás,ata,0.4166666666666667,1.1666666666666667,0.8333333333333334,0.8333333333333334,0.0,0.08333333333333333
68920,Dudu,275,Palmeiras,ata,0.5384615384615384,0.46153846153846156,2.923076923076923,0.8461538461538461,0.23076923076923078,0.23076923076923078
68923,Gil,264,Corinthians,zag,0.17647058823529413,1.1176470588235294,0.23529411764705882,0.23529411764705882,0.058823529411764705,0.0
68928,Rafael,276,São Paulo,gol,0.0,0.058823529411764705,0.11764705882352941,0.0,0.0,0.0
68940,Rafael Cabral,283,Cruzeiro,gol,0.0,0.05263157894736842,0.10526315789473684,0.0,0.0,0.0
68942,Luciano Castán,283,Cruzeiro,zag,0.21052631578947367,0.6842105263157895,0.7368421052631579,0.2631578947368421,0.0,0.0
68952,Marinho,262,Flamengo,ata,0.25,0.5,0.0,0.25,0.0,0.0
68952,Marinho,356,Fortaleza,ata,0.5714285714285714,0.5714285714285714,3.5714285714285716,0.7142857142857143,0.0,0.0
68991,Lucas Sasha,356,Fortaleza,mei,0.0,2.5,0.8,0.3,0.0,0.0
69012,Santos,262,Flamengo,gol,0.0,0.0,0.16666666666666666,0.0,0.0,0.0
69014,Manoel,266,Fluminense,zag,0.0,0.5,0.16666666666666666,0.0,0.0,0.0
69022,Marcelo Cirino,293,Athlético-PR,ata,0.0,0.5,0.5,0.25,0.0,0.0
69029,Antônio Carlos Zago,294,Coritiba,tec,0.0,0.0,0.0,0.0,0.0,0.0
69034,Paulinho,264,Corinthians,mei,0.0,1.5,0.5,0.25,0.0,0.0
69040,Vladimir,277,Santos,gol,0.0,0.0,0.0,0.0,0.0,0.0
69051,Danilo Fernandes,265,Bahia,gol,0.0,0.0,0.0,0.0,0.0,0.0
69063,James Rodríguez,276,São Paulo,mei,0.0,0.5,0.0,0.5,0.0,0.0
69102,Vargas,282,Atlético-MG,ata,0.16666666666666666,0.3333333333333333,0.3333333333333333,0.16666666666666666,0.08333333333333333,0.0
69138,Pablo,293,Athlético-PR,ata,0.23076923076923078,1.0,1.0769230769230769,0.7692307692307693,0.23076923076923078,0.15384615384615385
69165,Pablo,262,Flamengo,zag,0.0,0.0,0.3333333333333333,0.0,0.0,0.0
69189,Sidimar,290,Goiás,zag,0.1111111111111111,0.4444444444444444,0.5555555555555556,0.2222222222222222,0.0,0.0
69318,Luis Suárez,284,Grêmio,ata,1.2666666666666666,0.5333333333333333,2.2,1.4,0.26666666666666666,0.26666666666666666
69325,Aránguiz,285,Internacional,mei,0.0,0.5,0.75,0.5,0.0,0.0
69355,Medel,267,Vasco,mei,0.0,1.8,0.2,0.0,0.0,0.0
69375,Vidal,262,Flamengo,mei,0.3333333333333333,0.8333333333333334,0.8333333333333334,0.6666666666666666,0.0,0.0
69375,Vidal,293,Athlético-PR,mei,0.0,2.0,1.5,0.5,0.0,0.0
69686,João Pedro Galvão,284,Grêmio,ata,0.0,1.0,1.0,0.5,0.0,0.0
69705,Nikão,283,Cruzeiro,mei,0.0,0.625,0.5,0.0,0.0,0.0
70116,Fellipe Bastos,290,Goiás,mei,0.0,0.0,0.0,0.0,0.0,0.0
70164,Lucas Moura,276,São Paulo,ata,0.0,2.0,1.3333333333333333,0.3333333333333333,0.3333333333333333,0.0
70171,Rafael,263,Botafogo,lat,0.1111111111111111,2.4444444444444446,0.5555555555555556,0.0,0.0,0.0
70172,Fábio,284,Grêmio,lat,0.0,1.1428571428571428,0.42857142857142855,0.14285714285714285,0.0,0.2857142857142857
70221,Bruno Uvini,284,Grêmio,zag,0.23076923076923078,0.38461538461538464,0.46153846153846156,0.3076923076923077,0.07692307692307693,0.0
70316,Diego Costa,263,Botafogo,ata,0.0,0.0,1.0,0.0,0.0,0.0
70360,Eduardo Sasha,280,Bragantino,ata,0.2777777777777778,0.4444444444444444,1.4444444444444444,0.5555555555555556,0.3333333333333333,0.1111111111111111
70449,Gabriel,294,Coritiba,gol,0.0,0.0,0.05555555555555555,0.0,0.0,0.05555555555555555
70666,Marllon,1371,Cuiabá,zag,0.0,0.9444444444444444,0.5,0.2777777777777778,0.05555555555555555,0.05555555555555555
70788,Enner Valencia,285,Internacional,ata,0.3333333333333333,0.5,1.8333333333333333,0.8333333333333334,0.0,0.16666666666666666
70800,Jorge Sampaoli,262,Flamengo,tec,0.0,0.0,0.0,0.0,0.0,0.0
70916,Diogo Barbosa,266,Fluminense,lat,0.0,1.0,2.0,0.0,0.0,0.0
70916,Diogo Barbosa,284,Grêmio,lat,0.0,0.8333333333333334,0.8333333333333334,0.16666666666666666,0.0,0.0
70944,Bruno Henrique,285,Internacional,mei,0.75,0.25,0.5,0.25,0.25,0.0
70986,Léo Cittadini,265,Bahia,mei,0.3333333333333333,0.3333333333333333,1.0,0.0,0.0,0.0
70986,Léo Cittadini,293,Athlético-PR,mei,0.0,0.25,0.5,0.25,0.0,0.0
71162,Vina,284,Grêmio,mei,0.38461538461538464,0.3076923076923077,0.8461538461538461,0.38461538461538464,0.07692307692307693,0.0
71227,Maicon,267,Vasco,zag,0.0,0.0,0.5,0.0,0.0,0.0
71227,Maicon,277,Santos,zag,1.0,2.0,0.0,0.0,0.0,0.0
71571,Fernando Miguel,356,Fortaleza,gol,0.0,0.0,0.0,0.0,0.0,0.0
71631,Weverton,275,Palmeiras,gol,0.0,0.0,0.16666666666666666,0.0,0.0,0.0
71684,Gustavo Gómez,275,Palmeiras,zag,0.16666666666666666,1.3333333333333333,0.8333333333333334,0.2222222222222222,0.05555555555555555,0.05555555555555555
71829,Júnior Urso,294,Coritiba,mei,0.16666666666666666,0.5,1.6666666666666667,0.16666666666666666,0.0,0.0
71844,Thiago Galhardo,356,Fortaleza,ata,0.5,0.625,0.8125,0.9375,0.1875,0.0
71898,Gabriel Pires,263,Botafogo,mei,0.0,3.6666666666666665,0.6666666666666666,0.6666666666666666,0.0,0.0
72134,Iturbe,284,Grêmio,ata,0.0,1.0,1.0,0.0,0.0,0.0
72142,Danilo Avelar,327,América-MG,zag,0.4166666666666667,1.25,0.5833333333333334,0.5,0.25,0.08333333333333333
72294,Everson,282,Atlético-MG,gol,0.0,0.0,0.2631578947368421,0.0,0.0,0.0
72391,Fernando Diniz,266,Fluminense,tec,0.0,0.0,0.0,0.0,0.0,0.0
72497,Gustavo Campanharo,285,Internacional,mei,0.2727272727272727,2.4545454545454546,0.7272727272727273,0.0,0.0,0.0
72532,Maguinho,290,Goiás,lat,0.0,1.2777777777777777,1.0,0.5,0.1111111111111111,0.0
72580,Matheus Cavichioli,327,América-MG,gol,0.0,0.0,0.1111111111111111,0.0,0.0,0.0
72583,Pedro Henrique,285,Internacional,ata,0.3333333333333333,0.9333333333333333,0.8666666666666667,0.9333333333333333,0.06666666666666667,0.06666666666666667
72595,Maurício Kozlinski,356,Fortaleza,gol,0.0,0.0,0.0,0.0,0.0,0.0
72605,Vitor Hugo,265,Bahia,zag,0.07142857142857142,1.5,0.5,0.35714285714285715,0.07142857142857142,0.0
72762,Ceppelini,1371,Cuiabá,mei,0.4117647058823529,0.5294117647058824,0.7647058823529411,0.35294117647058826,0.0,0.17647058823529413
72772,Luiz Adriano,285,Internacional,ata,0.2777777777777778,0.4444444444444444,0.8888888888888888,0.3888888888888889,0.1111111111111111,0.05555555555555555
72775,Fernandinho,293,Athlético-PR,mei,0.1,1.2,1.1,0.4,0.1,0.2
72951,Mercado,285,Internacional,zag,0.16666666666666666,1.75,0.5,0.08333333333333333,0.0,0.0
73318,Daniel Borges,263,Botafogo,lat,1.0,4.0,1.0,0.0,0.0,0.0
73318,Daniel Borges,327,América-MG,lat,0.0,1.2,0.4,0.0,0.0,0.0
73384,Samuel Xavier,266,Fluminense,lat,0.125,1.125,1.0625,0.5,0.0625,0.125
73479,Jean Dias,285,Internacional,ata,0.09090909090909091,0.18181818181818182,1.0909090909090908,0.2727272727272727,0.09090909090909091,0.09090909090909091
73580,Falcão,277,Santos,tec,0.0,0.0,0.0,0.0,0.0,0.0
73620,Bruno Alves,284,Grêmio,zag,0.05555555555555555,0.7222222222222222,0.6111111111111112,0.16666666666666666,0.0,0.0
73766,Diego Aguirre,277,Santos,tec,0.0,0.0,0.0,0.0,0.0,0.0
73781,Guilherme Marques,290,Goiás,ata,0.2857142857142857,1.0,0.6428571428571429,0.6428571428571429,0.14285714285714285,0.21428571428571427
73800,Rodrigo Caio,262,Flamengo,zag,0.0,0.0,0.0,0.0,0.0,0.0
73850,Aloísio,327,América-MG,ata,0.5833333333333334,0.16666666666666666,0.6666666666666666,0.8333333333333334,0.25,0.08333333333333333
73974,Alison,277,Santos,mei,0.0,1.0,0.2,0.0,0.0,0.0
74084,Lucas Piazon,263,Botafogo,mei,0.0,0.0,0.0,0.0,0.0,0.0
74187,Rincón,277,Santos,mei,0.0,2.0,0.0,0.0,0.0,0.0
77809,William Pottker,294,Coritiba,ata,0.25,0.5,0.75,0.0,0.0,0.0
78077,Madson,293,Athlético-PR,lat,0.06666666666666667,0.3333333333333333,0.6,0.13333333333333333,0.06666666666666667,0.13333333333333333
78117,Everaldo,265,Bahia,ata,0.35294117647058826,0.35294117647058826,0.7647058823529411,0.29411764705882354,0.17647058823529413,0.0
78445,Renê,285,Internacional,lat,0.058823529411764705,1.9411764705882353,1.4705882352941178,0.17647058823529413,0.0,0.0
78580,Jonathan Cafu,1371,Cuiabá,ata,0.11764705882352941,1.2941176470588236,1.5294117647058822,0.35294117647058826,0.0,0.11764705882352941
78605,Gabriel,285,Internacional,mei,0.0,0.75,0.5,0.0,0.0,0.0
78715,Ramiro,283,Cruzeiro,mei,0.16666666666666666,1.5,0.0,0.6666666666666666,0.16666666666666666,0.16666666666666666
78850,Reinaldo,284,Grêmio,lat,0.38461538461538464,0.6153846153846154,0.8461538461538461,0.3076923076923077,0.07692307692307693,0.3076923076923077
78855,Thiago Santos,266,Fluminense,mei,0.125,0.625,0.375,0.0,0.0,0.0
79113,Víctor Cuesta,263,Botafogo,zag,0.1111111111111111,1.3888888888888888,0.5,0.3333333333333333,0.05555555555555555,0.05555555555555555
79188,Silvio Romero,356,Fortaleza,ata,0.15384615384615385,0.07692307692307693,0.3076923076923077,0.15384615384615385,0.15384615384615385,0.07692307692307693
79268,Filipe Augusto,1371,Cuiabá,mei,0.0,0.9166666666666666,0.6666666666666666,0.0,0.0,0.0
79334,Ricardo Silva,327,América-MG,zag,0.0,1.0,0.8,0.0,0.0,0.0
79631,Cano,266,Fluminense,ata,0.7368421052631579,0.6842105263157895,0.3684210526315789,0.8421052631578947,0.3684210526315789,0.0
79701,Lucas Silva,283,Cruzeiro,mei,0.0,1.0,1.5,0.75,0.0,0.25
79701,Lucas Silva,284,Grêmio,mei,0.0,2.0,1.0,0.0,0.0,0.0
80076,Zé Roberto,294,Coritiba,ata,0.3,0.6,1.9,0.4,0.1,0.1
80196,Yago Pikachu,356,Fortaleza,mei,0.3,0.4,0.85,0.3,0.15,0.05
80287,Luciano,276,São Paulo,ata,0.5294117647058824,0.5294117647058824,1.588235294117647,0.7647058823529411,0.23529411764705882,0.11764705882352941
80313,Gilberto,265,Bahia,lat,0.2,1.4,1.2,0.6,0.0,0.2
80538,Marlon,266,Fluminense,zag,0.25,0.25,0.25,0.0,0.0,0.0
80583,Lucas Lima,277,Santos,mei,0.10526315789473684,1.5263157894736843,1.4210526315789473,0.15789473684210525,0.05263157894736842,0.21052631578947367
80692,Luan,275,Palmeiras,zag,0.15384615384615385,0.9230769230769231,0.6923076923076923,0.38461538461538464,0.07692307692307693,0.07692307692307693
81091,Jair,267,Vasco,mei,0.13333333333333333,1.6,2.6,0.13333333333333333,0.13333333333333333,0.0
81121,Lucas Mugni,265,Bahia,mei,0.2,1.0,0.2,0.2,0.0,0.0
81150,Mayke,275,Palmeiras,lat,0.0,1.8823529411764706,0.35294117647058826,0.058823529411764705,0.058823529411764705,0.23529411764705882
81551,Mallo,285,Internacional,lat,0.0,1.0,1.0,1.0,0.0,0.0
81798,Rossi,267,Vasco,ata,0.0,1.0,0.0,0.0,0.0,0.0
81845,Alisson,276,São Paulo,mei,0.05263157894736842,1.0526315789473684,0.6842105263157895,0.5263157894736842,0.0,0.15789473684210525
81881,João Ricardo,356,Fortaleza,gol,0.0,0.0,0.3333333333333333,0.0,0.0,0.0
81905,Henrique Dourado,283,Cruzeiro,ata,0.2,0.3,0.9,0.7,0.1,0.0
81952,Willian Oliveira,290,Goiás,mei,0.125,1.5,1.1875,0.125,0.0,0.0
81966,Raphael Guzzo,290,Goiás,mei,0.5,0.5,0.5,0.0,0.0,0.0
82381,Juninho,327,América-MG,mei,0.16666666666666666,1.0,1.0,0.2222222222222222,0.1111111111111111,0.0
82453,Tadeu,290,Goiás,gol,0.0,0.0,0.23529411764705882,0.0,0.0,0.0
82455,Zé Rafael,275,Palmeiras,mei,0.3125,3.0,2.3125,0.25,0.0,0.125
82463,Otávio,282,Atlético-MG,mei,0.1,2.1,0.5,0.1,0.0,0.0
82627,Luiz Araújo,262,Flamengo,ata,0.3333333333333333,0.5,1.0,0.3333333333333333,0.0,0.16666666666666666
82628,Tinga,356,Fortaleza,lat,0.21428571428571427,1.9285714285714286,0.2857142857142857,0.21428571428571427,0.07142857142857142,0.0
82730,Marcelo Rangel,290,Goiás,gol,0.0,0.0,0.0,0.0,0.0,0.0
82747,Paulo Turra,277,Santos,tec,0.0,0.0,0.0,0.0,0.0,0.0
82747,Paulo Turra,293,Athlético-PR,tec,0.0,0.0,0.0,0.0,0.0,0.0
82766,Wellington Rato,276,São Paulo,mei,0.17647058823529413,0.6470588235294118,0.4117647058823529,0.4117647058823529,0.0,0.11764705882352941
82792,Maurício Barbieri,267,Vasco,tec,0.0,0.0,0.0,0.0,0.0,0.0
83257,Gabriel,262,Flamengo,ata,0.8,0.3333333333333333,0.8,1.0,0.3333333333333333,0.06666666666666667
83276,Julio Furch,277,Santos,ata,0.0,0.25,0.75,0.25,0.25,0.0
83433,Patrick,282,Atlético-MG,mei,0.0625,1.25,0.75,0.125,0.0,0.0
83528,Léo Pereira,262,Flamengo,zag,0.0,1.4705882352941178,0.8823529411764706,0.17647058823529413,0.17647058823529413,0.0
83786,Neris,283,Cruzeiro,zag,0.1,1.6,0.3,0.1,0.0,0.1
83817,Clayson,1371,Cuiabá,ata,0.0,0.3333333333333333,2.3333333333333335,0.6666666666666666,0.3333333333333333,0.0
84042,Tiquinho Soares,263,Botafogo,ata,0.35294117647058826,0.47058823529411764,2.2941176470588234,1.1764705882352942,0.7647058823529411,0.23529411764705882
84263,Jemerson,282,Atlético-MG,zag,0.05555555555555555,0.8888888888888888,0.6111111111111112,0.1111111111111111,0.0,0.05555555555555555
84339,Bruno Melo,290,Goiás,zag,0.11764705882352941,0.6470588235294118,0.7647058823529411,0.6470588235294118,0.11764705882352941,0.058823529411764705
84428,Fernando Sobral,1371,Cuiabá,mei,0.4,2.466666666666667,1.5333333333333334,0.6666666666666666,0.06666666666666667,0.13333333333333333
84523,Romarinho,356,Fortaleza,ata,0.2222222222222222,0.0,0.6666666666666666,0.2222222222222222,0.0,0.0
84674,Lucas Evangelista,280,Bragantino,mei,0.4444444444444444,1.5,2.5,0.9444444444444444,0.0,0.2777777777777778
84816,Varela,262,Flamengo,lat,0.0,0.5,0.0,0.0,0.0,0.0
84817,Robson,294,Coritiba,ata,0.4117647058823529,1.6470588235294117,1.2941176470588236,0.47058823529411764,0.35294117647058826,0.058823529411764705
84918,Rafael Ratão,265,Bahia,ata,0.5,1.5,1.25,1.0,0.25,0.0
85004,Marcos Felipe,265,Bahia,gol,0.0,0.0,0.10526315789473684,0.0,0.0,0.0
85315,Cantillo,264,Corinthians,mei,1.0,6.0,1.0,0.0,0.0,0.0
85425,João Paulo,277,Santos,gol,0.0,0.0,0.15789473684210525,0.0,0.0,0.0
85465,Alex Santana,293,Athlético-PR,mei,0.1111111111111111,0.6666666666666666,1.7777777777777777,0.8888888888888888,0.1111111111111111,0.0
85626,Léo,267,Vasco,zag,0.1111111111111111,0.6666666666666666,0.5555555555555556,0.05555555555555555,0.0,0.0
85931,Hyoran,282,Atlético-MG,mei,0.25,1.0833333333333333,0.9166666666666666,0.8333333333333334,0.16666666666666666,0.0
85993,Gustavo Sauer,263,Botafogo,ata,0.0,1.0,0.5,0.16666666666666666,0.3333333333333333,0.16666666666666666
86143,Wanderson,327,América-MG,zag,0.14285714285714285,0.42857142857142855,0.14285714285714285,0.14285714285714285,0.0,0.0
86388,Alê,327,América-MG,mei,0.0,1.2857142857142858,0.7142857142857143,0.5,0.07142857142857142,0.0
86391,Sander,290,Goiás,lat,0.4117647058823529,2.3529411764705883,2.0,0.29411764705882354,0.0,0.17647058823529413
86410,Victor Luis,294,Coritiba,lat,0.0,1.0,0.7272727272727273,0.18181818181818182,0.09090909090909091,0.0
86485,Keno,266,Fluminense,ata,0.5833333333333334,1.1666666666666667,1.0,0.5833333333333334,0.0,0.25
86508,Jandrei,276,São Paulo,gol,0.0,0.0,0.3333333333333333,0.0,0.0,0.0
86686,Tchê Tchê,263,Botafogo,mei,0.35,0.65,1.2,0.35,0.05,0.1
86711,Richard Coelho,283,Cruzeiro,mei,0.25,3.25,1.75,0.75,0.0,0.0
86757,Everton,262,Flamengo,ata,0.5,0.75,0.8125,0.8125,0.125,0.1875
86759,Luan,284,Grêmio,mei,0.0,1.0,0.0,0.0,0.0,0.0
86777,Danilo Barbosa,263,Botafogo,mei,0.0,0.6666666666666666,1.1666666666666667,0.16666666666666666,0.08333333333333333,0.0
86799,Rodrigo Pinho,294,Coritiba,ata,0.4,0.3,1.0,0.5,0.0,0.0
86841,Boschilia,294,Coritiba,mei,0.45454545454545453,0.7272727272727273,0.6363636363636364,0.6363636363636364,0.09090909090909091,0.09090909090909091
86859,José Welison,356,Fortaleza,mei,0.0,1.1818181818181819,1.0909090909090908,0.6363636363636364,0.0,0.09090909090909091
86864,Marlon,327,América-MG,lat,0.0,1.7272727272727273,1.6363636363636365,0.18181818181818182,0.0,0.09090909090909091
86970,Eduardo Bauermann,277,Santos,zag,0.3333333333333333,0.6666666666666666,0.0,1.3333333333333333,0.3333333333333333,0.0
87008,Léo Jardim,267,Vasco,gol,0.0,0.0,0.05263157894736842,0.0,0.0,0.0
87009,Nathan,284,Grêmio,mei,0.3333333333333333,0.9166666666666666,0.75,0.25,0.0,0.08333333333333333
87098,Matheus Peixoto,290,Goiás,ata,0.4166666666666667,0.8333333333333334,1.4166666666666667,0.8333333333333334,0.16666666666666666,0.08333333333333333
87225,Pedro Henrique,293,Athlético-PR,zag,0.09090909090909091,0.9090909090909091,0.45454545454545453,0.45454545454545453,0.09090909090909091,0.0
87228,Guilherme Arana,282,Atlético-MG,lat,0.0,1.5,1.1,0.4,0.0,0.0
87242,Carlos de Pena,285,Internacional,mei,0.3125,1.1875,0.625,0.5,0.0625,0.0
87258,Soteldo,277,Santos,ata,0.5555555555555556,1.0,2.6666666666666665,0.5555555555555556,0.0,0.4444444444444444
87342,Kannemann,284,Grêmio,zag,0.25,2.5,0.9166666666666666,0.16666666666666666,0.0,0.08333333333333333
87391,Allano,290,Goiás,ata,0.3333333333333333,1.1666666666666667,1.6666666666666667,0.5,0.0,0.0
87402,Messias,277,Santos,zag,0.125,1.25,0.4375,0.125,0.0,0.0
87470,Thaciano,265,Bahia,mei,0.3684210526315789,1.1578947368421053,0.9473684210526315,1.1578947368421053,0.10526315789473684,0.10526315789473684
87552,Vitor Bueno,293,Athlético-PR,mei,0.42857142857142855,0.42857142857142855,1.2857142857142858,0.6428571428571429,0.14285714285714285,0.21428571428571427
87603,Mateus Pasinato,327,América-MG,gol,0.0,0.0,0.18181818181818182,0.0,0.0,0.0
87742,Neto Moura,283,Cruzeiro,mei,0.08333333333333333,0.6666666666666666,0.08333333333333333,0.3333333333333333,0.0,0.0
87747,Yago Felipe,265,Bahia,mei,0.0,1.0909090909090908,0.45454545454545453,0.2727272727272727,0.0,0.0
87808,Philipe Sampaio,263,Botafogo,zag,0.0,0.6666666666666666,0.4444444444444444,0.2222222222222222,0.0,0.0
87853,Mauricio Lemos,282,Atlético-MG,zag,0.38461538461538464,1.6153846153846154,0.6923076923076923,0.23076923076923078,0.07692307692307693,0.0
87863,Arrascaeta,262,Flamengo,mei,0.2857142857142857,0.9285714285714286,1.3571428571428572,0.6428571428571429,0.2857142857142857,0.35714285714285715
87887,Balbuena,264,Corinthians,zag,0.0,1.0,0.0,0.0,0.0,0.0
88033,Alan Empereur,1371,Cuiabá,zag,0.125,0.625,0.5625,0.25,0.0,0.0625
88037,Luís Castro,263,Botafogo,tec,0.0,0.0,0.0,0.0,0.0,0.0
88323,Ángel Romero,264,Corinthians,ata,0.0,0.4,0.6,0.2,0.0,0.2
88368,Gabriel Dias,267,Vasco,lat,0.0,0.0,0.0,0.0,0.0,0.0
88393,Ayrton Lucas,262,Flamengo,lat,0.16666666666666666,1.2222222222222223,1.2777777777777777,0.2777777777777778,0.16666666666666666,0.05555555555555555
88423,Aderlan,280,Bragantino,lat,0.0,1.9166666666666667,0.5,0.25,0.0,0.08333333333333333
88597,Lucas Crispim,356,Fortaleza,mei,0.14285714285714285,0.2857142857142857,0.14285714285714285,0.0,0.0,0.0
88857,Marcelino Moreno,294,Coritiba,mei,0.625,0.875,2.5,0.25,0.0625,0.125
88916,Luan Polli,294,Coritiba,gol,0.0,0.0,0.3333333333333333,0.0,0.0,0.0
89226,Iago Maidana,327,América-MG,zag,0.23529411764705882,0.7647058823529411,0.17647058823529413,0.23529411764705882,0.0,0.0
89256,Gerson,262,Flamengo,mei,0.25,1.0,2.75,0.25,0.1875,0.3125
89273,João Pedro,284,Grêmio,lat,0.0,1.1428571428571428,0.7857142857142857,0.07142857142857142,0.07142857142857142,0.07142857142857142
89275,William,283,Cruzeiro,lat,0.05555555555555555,1.5555555555555556,1.5,0.3333333333333333,0.0,0.05555555555555555
89493,Igor Rabello,282,Atlético-MG,zag,0.0,2.0,0.2,0.0,0.0,0.0
89637,Thiago Maia,262,Flamengo,mei,0.0,1.8235294117647058,0.17647058823529413,0.17647058823529413,0.0,0.0
89695,Iury Castilho,1371,Cuiabá,ata,0.42857142857142855,0.7142857142857143,1.1428571428571428,0.42857142857142855,0.0,0.0
89840,Calleri,276,São Paulo,ata,0.6,0.26666666666666666,2.1333333333333333,0.7333333333333333,0.4,0.13333333333333333
89846,Cristaldo,284,Grêmio,mei,0.4666666666666667,1.4,1.5333333333333334,0.4666666666666667,0.3333333333333333,0.13333333333333333
89883,Dodi,277,Santos,mei,0.16666666666666666,1.6666666666666667,1.6666666666666667,0.1111111111111111,0.0,0.0
89898,Róger Guedes,264,Corinthians,ata,0.6923076923076923,0.46153846153846156,2.8461538461538463,1.3846153846153846,0.38461538461538464,0.0
89918,Everton Galdino,284,Grêmio,ata,0.2727272727272727,0.36363636363636365,0.45454545454545453,0.18181818181818182,0.18181818181818182,0.09090909090909091
90031,Mendoza,277,Santos,ata,0.35714285714285715,0.7142857142857143,2.9285714285714284,1.0,0.35714285714285715,0.14285714285714285
90061,Bruno Pacheco,356,Fortaleza,lat,0.16666666666666666,1.8888888888888888,1.7777777777777777,0.3333333333333333,0.05555555555555555,0.16666666666666666
90120,Edu,294,Coritiba,ata,0.5,0.25,0.0,0.5,0.25,0.0
90232,Raí Ramos,276,São Paulo,lat,0.4,0.8,0.2,0.4,0.0,0.0
90285,Bruno Henrique,262,Flamengo,ata,0.2857142857142857,0.5714285714285714,1.2142857142857142,0.5,0.07142857142857142,0.0
90290,Jailson,275,Palmeiras,mei,0.25,1.0,0.25,0.25,0.0,0.0
90309,David,276,São Paulo,ata,0.2,0.4,0.8,0.4,0.2,0.2
90449,Rezende,265,Bahia,mei,0.058823529411764705,2.588235294117647,1.0,0.29411764705882354,0.058823529411764705,0.058823529411764705
90540,Diego Gonçalves,290,Goiás,ata,0.2,0.3,0.9,0.3,0.0,0.0
90590,Mateus Claus,265,Bahia,gol,0.0,0.0,0.0,0.0,0.0,0.0
90634,Lucas Mineiro,1371,Cuiabá,mei,0.0,0.5,0.5,0.0,0.0,0.0
90768,Fabrício Bruno,262,Flamengo,zag,0.058823529411764705,1.0588235294117647,0.5882352941176471,0.058823529411764705,0.0,0.058823529411764705
91151,Everaldo,327,América-MG,ata,0.21428571428571427,1.2142857142857142,1.5714285714285714,0.35714285714285715,0.07142857142857142,0.14285714285714285
91190,PK,1371,Cuiabá,lat,0.0,1.4285714285714286,0.5714285714285714,0.2857142857142857,0.0,0.0
91203,Éder,327,América-MG,zag,0.08333333333333333,1.5,0.25,0.08333333333333333,0.0,0.0
91254,Carballo,284,Grêmio,mei,0.1,1.3,0.5,0.5,0.0,0.0
91260,Lucas Perri,263,Botafogo,gol,0.0,0.0,0.1,0.0,0.0,0.0
91473,Erick Pulgar,262,Flamengo,mei,0.0,1.5454545454545454,0.45454545454545453,0.2727272727272727,0.18181818181818182,0.0
91573,Arboleda,276,São Paulo,zag,0.23076923076923078,1.4615384615384615,0.6153846153846154,0.23076923076923078,0.0,0.0
91607,Rony,275,Palmeiras,ata,0.3125,0.5,1.1875,0.4375,0.25,0.0
91664,Adryelson,263,Botafogo,zag,0.21052631578947367,0.7368421052631579,0.5263157894736842,0.10526315789473684,0.05263157894736842,0.0
91689,Matheus Jussa,283,Cruzeiro,mei,0.07142857142857142,0.8571428571428571,0.21428571428571427,0.21428571428571427,0.0,0.0
91706,Marlon,283,Cruzeiro,lat,0.15789473684210525,4.368421052631579,0.7894736842105263,0.3684210526315789,0.10526315789473684,0.05263157894736842
91708,Nino,266,Fluminense,zag,0.16666666666666666,0.3888888888888889,1.1111111111111112,0.16666666666666666,0.1111111111111111,0.0
91772,David Duarte,265,Bahia,zag,0.0,0.6666666666666666,0.4444444444444444,0.1111111111111111,0.1111111111111111,0.0
91866,Zé Ivaldo,293,Athlético-PR,zag,0.07692307692307693,1.0,0.6923076923076923,0.07692307692307693,0.0,0.0
91908,Pavón,282,Atlético-MG,ata,0.5882352941176471,1.3529411764705883,0.7647058823529411,0.8235294117647058,0.17647058823529413,0.23529411764705882
91971,Wesley Carvalho,293,Athlético-PR,tec,0.0,0.0,0.0,0.0,0.0,0.0
92075,Ramón Díaz,267,Vasco,tec,0.0,0.0,0.0,0.0,0.0,0.0
92237,Rodrigo Ely,284,Grêmio,zag,0.0,0.5,2.0,0.0,0.0,0.0
92273,Odair Hellmann,277,Santos,tec,0.0,0.0,0.0,0.0,0.0,0.0
92291,Bruno Viana,294,Coritiba,zag,0.0,1.1818181818181819,0.09090909090909091,0.18181818181818182,0.0,0.0
92708,Deyverson,1371,Cuiabá,ata,0.5,0.3333333333333333,1.8333333333333333,0.5555555555555556,0.4444444444444444,0.05555555555555555
92811,Bruno Rodrigues,283,Cruzeiro,ata,0.7222222222222222,1.0,1.8888888888888888,1.2222222222222223,0.16666666666666666,0.16666666666666666
92855,Palacios,283,Cruzeiro,lat,0.0,1.2,0.6,0.0,0.0,0.0
93014,Júnior Moraes,264,Corinthians,ata,0.0,0.0,1.0,0.0,0.0,0.0
93108,Mateus Vital,283,Cruzeiro,mei,0.4117647058823529,0.7647058823529411,0.9411764705882353,0.6470588235294118,0.0,0.058823529411764705
93166,Chancellor,294,Coritiba,zag,0.0,1.0,0.25,0.0,0.0,0.0
93368,Lucas Veríssimo,264,Corinthians,zag,0.0,0.0,1.0,0.0,0.0,0.0
93372,João Basso,277,Santos,zag,0.0,1.6666666666666667,0.6666666666666666,0.0,0.0,0.0
93478,Wanderson,285,Internacional,ata,0.3333333333333333,0.8333333333333334,0.8888888888888888,0.3333333333333333,0.16666666666666666,0.1111111111111111
93550,Benítez,327,América-MG,mei,0.2222222222222222,0.8888888888888888,2.5555555555555554,0.6666666666666666,0.0,0.2222222222222222
93702,Gabriel Inocêncio,277,Santos,lat,0.125,2.0625,0.625,0.1875,0.0,0.0
93716,Paulo Henrique,267,Vasco,lat,0.0,0.5,0.0,0.0,0.0,0.0
93787,Andrey,294,Coritiba,mei,0.23076923076923078,1.0,0.6153846153846154,0.38461538461538464,0.0,0.0
93790,Marlon Freitas,263,Botafogo,mei,0.21052631578947367,1.4210526315789473,0.2631578947368421,0.5263157894736842,0.0,0.05263157894736842
93791,Daniel,265,Bahia,mei,0.2,0.2,0.2,0.0,0.0,0.0
93791,Daniel,266,Fluminense,mei,0.0,1.0,1.6666666666666667,0.3333333333333333,0.0,0.0
93797,Marcinho,327,América-MG,lat,0.18181818181818182,1.5454545454545454,0.09090909090909091,0.18181818181818182,0.0,0.0
93834,Keiller,285,Internacional,gol,0.0,0.0,0.16666666666666666,0.0,0.0,0.0
93882,Cleiton,280,Bragantino,gol,0.0,0.0,0.0625,0.0,0.0,0.0
93886,Matheusinho,327,América-MG,mei,0.5714285714285714,0.5714285714285714,1.0,0.2857142857142857,0.0,0.0
93988,Breno Lopes,275,Palmeiras,ata,0.42857142857142855,0.2857142857142857,0.9285714285714286,0.07142857142857142,0.07142857142857142,0.21428571428571427
94007,Matías Rojas,264,Corinthians,mei,0.0,0.0,0.6666666666666666,0.0,0.0,0.0
94044,John Victor,285,Internacional,gol,0.0,0.0,0.2222222222222222,0.0,0.0,0.0
94067,Matheus Fernandes,280,Bragantino,mei,0.2222222222222222,3.611111111111111,1.0,0.3333333333333333,0.05555555555555555,0.1111111111111111
94154,Maycon,264,Corinthians,mei,0.3125,1.375,0.1875,0.4375,0.0625,0.0
94207,Guilherme,356,Fortaleza,ata,0.5333333333333333,0.6,1.0,0.26666666666666666,0.0,0.06666666666666667
94444,Matheus Babi,290,Goiás,ata,0.0,0.0,1.3333333333333333,0.3333333333333333,0.3333333333333333,0.0
94509,Raphael Veiga,275,Palmeiras,mei,0.6428571428571429,0.7857142857142857,2.2857142857142856,1.0,0.42857142857142855,0.2857142857142857
94514,Oliveira,283,Cruzeiro,zag,0.0,1.2307692307692308,0.9230769230769231,0.07692307692307693,0.07692307692307693,0.0
94583,Pedro,262,Flamengo,ata,0.4375,0.25,0.375,0.5,0.3125,0.0
94786,Jhegson Méndez,276,São Paulo,mei,0.0,1.8333333333333333,0.3333333333333333,0.0,0.0,0.0
94836,Burgos,327,América-MG,zag,0.0,1.0,0.0,0.0,0.0,0.0
94845,Battaglia,282,Atlético-MG,mei,0.17647058823529413,0.9411764705882353,1.1764705882352942,0.47058823529411764,0.0,0.0
94853,Eduardo Coudet,282,Atlético-MG,tec,0.0,0.0,0.0,0.0,0.0,0.0
94853,Eduardo Coudet,285,Internacional,tec,0.0,0.0,0.0,0.0,0.0,0.0
94931,Lucas Fernandes,263,Botafogo,mei,0.4166666666666667,0.16666666666666666,0.75,0.5833333333333334,0.0,0.0
94968,Juninho Capixaba,280,Bragantino,lat,0.3333333333333333,2.5555555555555554,1.3333333333333333,0.3333333333333333,0.1111111111111111,0.05555555555555555
95127,Nicolas,327,América-MG,lat,0.4,0.8,0.4,0.0,0.2,0.0
95556,Raniele,1371,Cuiabá,mei,0.4444444444444444,2.5,1.6666666666666667,0.7777777777777778,0.1111111111111111,0.0
95638,Marcelo Benevenuto,356,Fortaleza,zag,0.0,0.5714285714285714,0.8571428571428571,0.14285714285714285,0.0,0.0
95662,Lucas Kal,327,América-MG,mei,0.07692307692307693,0.5384615384615384,0.07692307692307693,0.07692307692307693,0.0,0.0
95794,Nathan Silva,282,Atlético-MG,zag,0.25,0.25,0.25,0.25,0.0,0.0
95799,Artur,275,Palmeiras,ata,0.42105263157894735,0.6842105263157895,1.368421052631579,0.7368421052631579,0.2631578947368421,0.10526315789473684
95878,Tobias Figueiredo,356,Fortaleza,zag,0.0,2.0,0.0,1.0,0.0,0.0
96089,Machado,283,Cruzeiro,mei,0.35,1.1,0.7,0.35,0.05,0.15
96340,Lima,266,Fluminense,mei,0.3684210526315789,1.0526315789473684,2.3684210526315788,0.42105263157894735,0.15789473684210525,0.05263157894736842
96610,Matheus Pereira,283,Cruzeiro,mei,0.5,1.5,0.5,0.0,0.0,0.0
96652,Allan,262,Flamengo,mei,0.2,2.2,1.2,0.2,0.0,0.0
96678,Bustos,285,Internacional,lat,0.15384615384615385,1.6923076923076923,1.0769230769230769,0.38461538461538464,0.07692307692307693,0.0
96725,Saravia,282,Atlético-MG,lat,0.15384615384615385,1.3076923076923077,1.6923076923076923,0.23076923076923078,0.0,0.07692307692307693
96966,Arthur Gomes,283,Cruzeiro,ata,0.5,0.5,1.5,0.5,0.5,0.0
97080,Yony González,266,Fluminense,ata,0.0,1.0,0.0,0.3333333333333333,0.0,0.0
97133,Dudu,356,Fortaleza,lat,0.25,1.25,0.0,0.0,0.0,0.0
97145,Villasanti,284,Grêmio,mei,0.35714285714285715,2.9285714285714284,1.0,0.21428571428571427,0.21428571428571427,0.07142857142857142
97321,Alesson,290,Goiás,ata,0.09090909090909091,0.6363636363636364,0.45454545454545453,0.2727272727272727,0.18181818181818182,0.0
97450,Gustavo Mosquito,264,Corinthians,ata,0.0,0.0,2.0,0.0,1.0,0.0
97468,Marçal,263,Botafogo,lat,0.09090909090909091,2.0,1.1818181818181819,0.36363636363636365,0.0,0.09090909090909091
97653,Murilo,275,Palmeiras,zag,0.2,1.1,0.5,0.0,0.2,0.0
97768,Reynaldo,283,Cruzeiro,zag,0.0,0.0,0.0,0.0,0.0,0.0
97867,Léo Ortiz,280,Bragantino,zag,0.5,0.5,0.5,0.0,0.0,0.0
97899,Matheus Bahia,265,Bahia,lat,0.125,1.125,0.75,0.375,0.0,0.0
97900,Vitão,285,Internacional,zag,0.1875,1.0625,0.25,0.0625,0.0,0.0
97908,Luís Oyama,290,Goiás,mei,0.0,2.0,1.0,0.0,0.0,0.0
97969,Marcos Vinícius,294,Coritiba,lat,0.0,0.8,0.4,0.0,0.0,0.0
98022,Erick,293,Athlético-PR,mei,0.4666666666666667,1.6,0.9333333333333333,1.0,0.13333333333333333,0.06666666666666667
98219,Alemão,285,Internacional,ata,0.25,0.75,1.5,0.75,0.125,0.0
98225,Pedro Raul,267,Vasco,ata,0.6363636363636364,0.18181818181818182,0.9090909090909091,0.6363636363636364,0.18181818181818182,0.0
98433,Sebastián Ferreira,267,Vasco,ata,0.0,0.0,1.6666666666666667,0.6666666666666666,0.0,0.0
98484,Kanu,265,Bahia,zag,0.058823529411764705,1.3529411764705883,1.3529411764705883,0.17647058823529413,0.0,0.0
98517,Jean Lucas,277,Santos,mei,0.4,1.4,3.2,0.6,0.0,0.2
98605,Di Placido,263,Botafogo,lat,0.05263157894736842,2.5789473684210527,0.3157894736842105,0.21052631578947367,0.05263157894736842,0.15789473684210525
98619,Kuscevic,294,Coritiba,zag,0.0,1.2666666666666666,0.5333333333333333,0.3333333333333333,0.06666666666666667,0.0
98706,Pedrinho,282,Atlético-MG,mei,0.2,0.2,0.4,0.0,0.0,0.0
98723,Carabajal,267,Vasco,mei,0.0,0.3333333333333333,0.3333333333333333,0.6666666666666666,0.0,0.16666666666666666
98909,Cuello,293,Athlético-PR,ata,0.42857142857142855,1.2857142857142858,1.5,0.35714285714285715,0.0,0.0
98976,Gabriel,276,São Paulo,mei,0.0,1.9230769230769231,0.07692307692307693,0.0,0.07692307692307693,0.0
99119,Lucas Braga,277,Santos,ata,0.0,0.6363636363636364,1.5454545454545454,0.18181818181818182,0.0,0.0
99198,Vegetti,267,Vasco,ata,0.6666666666666666,0.6666666666666666,1.6666666666666667,1.6666666666666667,0.6666666666666666,0.0
99213,Puma Rodríguez,267,Vasco,lat,0.4375,2.0,0.5625,0.75,0.0,0.0
99214,Rodrigo Fernández,277,Santos,mei,0.1111111111111111,1.5555555555555556,0.6111111111111112,0.3333333333333333,0.05555555555555555,0.0
99267,Pochettino,356,Fortaleza,mei,0.6,0.95,0.65,0.55,0.1,0.05
99412,Morelli,290,Goiás,mei,0.125,1.4375,2.125,0.5625,0.0625,0.0
99440,Baralhas,285,Internacional,mei,0.2,1.8,0.6,0.4,0.0,0.0
99588,Paulo Vitor,283,Cruzeiro,ata,0.25,0.25,0.5,0.0,0.0,0.0
99815,Arias,266,Fluminense,mei,0.5882352941176471,1.7647058823529411,2.6470588235294117,0.35294117647058826,0.11764705882352941,0.17647058823529413
99818,Paulinho,282,Atlético-MG,ata,0.8888888888888888,1.6111111111111112,0.6666666666666666,0.6666666666666666,0.2777777777777778,0.0
99889,Alan Franco,276,São Paulo,zag,0.0,1.1428571428571428,0.2857142857142857,0.42857142857142855,0.0,0.14285714285714285
99994,Jhonny Lucas,290,Goiás,mei,0.0,0.0,0.0,0.5,0.0,0.0
